{
  "MIDA-443": {
    "size_gb": 3.0,
    "timestamp": 1769232931.4451594,
    "pid": 3747
  },
  "MIDA-478": {
    "size_gb": 3.0,
    "timestamp": 1769236425.1787014,
    "pid": 3749
  }
}