{
  "MVSD-673": {
    "size_gb": 3.0,
    "timestamp": 1769186260.349781,
    "pid": 3747
  },
  "BONY-175": {
    "size_gb": 3.0,
    "timestamp": 1769189615.8697538,
    "pid": 3760
  }
}