{
  "MVSD-673": {
    "size_gb": 3.0,
    "timestamp": 1769186260.349781,
    "pid": 3747
  },
  "START-481": {
    "size_gb": 3.0,
    "timestamp": 1769188486.592879,
    "pid": 3760
  }
}