{
  "SNOS-054": {
    "size_gb": 3.0,
    "timestamp": 1769250408.3087966,
    "pid": 3811
  },
  "SNOS-056": {
    "size_gb": 3.0,
    "timestamp": 1769251898.3544605,
    "pid": 3856
  }
}