{
  "CLOT-037": {
    "size_gb": 3.0,
    "timestamp": 1769240531.0232708,
    "pid": 2452
  },
  "SNOS-052": {
    "size_gb": 3.0,
    "timestamp": 1769241491.7603705,
    "pid": 4004
  }
}