{
  "SNOS-054": {
    "size_gb": 3.0,
    "timestamp": 1769252179.6306334,
    "pid": 3853
  },
  "SNOS-056": {
    "size_gb": 3.0,
    "timestamp": 1769251898.3544605,
    "pid": 3856
  }
}