{
  "MVSD-673": {
    "size_gb": 3.0,
    "timestamp": 1769186260.349781,
    "pid": 3747
  },
  "REAL-960": {
    "size_gb": 3.0,
    "timestamp": 1769190702.103303,
    "pid": 3760
  }
}